checkpoint,steps,media,mediana,desv,p90,max,E_max_de_5
step_34000000.pt,34000000,2133.8,2715.0,936.9,3015.0,3645.0,2964.4
step_32000000.pt,32000000,2273.9,2767.5,823.4,3015.0,3320.0,2942.0
step_36000000.pt,36000000,2360.8,2802.5,801.9,2962.0,3235.0,2938.0
step_42000000.pt,42000000,2444.2,2815.0,717.7,2940.0,3645.0,2937.4
step_50000000.pt,50000000,2563.1,2815.0,601.4,2963.0,3590.0,2921.2
final.pt,50000000,2563.1,2815.0,601.4,2963.0,3590.0,2921.2
step_40000000.pt,40000000,2451.4,2815.0,699.3,2823.0,3445.0,2913.5
step_28000000.pt,28000000,2223.8,2687.5,789.5,2960.0,3420.0,2910.0
step_46000000.pt,46000000,2385.5,2762.5,706.8,2917.0,3365.0,2903.2
step_48000000.pt,48000000,2368.3,2815.0,826.2,2905.0,3545.0,2903.1
mejor.pt,49503168,2379.0,2815.0,741.9,2882.5,3370.0,2899.4
step_44000000.pt,44000000,2442.8,2815.0,695.2,2843.0,3225.0,2898.9
step_30000000.pt,30000000,2230.2,2740.0,824.9,2945.0,3215.0,2898.5
step_38000000.pt,38000000,2290.3,2815.0,826.9,2820.0,3400.0,2887.4
